Year,State,Number of CoCs,Total_Homelessness,Sheltered_Homeless,Unsheltered_Homeless
2024,AK,2,"2,686","1,742",479
2024,AL,9,"4,601","1,408","2,698"
2024,AR,5,"2,783","1,114","1,334"
2024,AS,0,,,
2024,AZ,3,"14,737","5,796","7,291"
2024,CA,44,"187,084","52,415","123,974"
2024,CO,4,"18,715","11,620","4,791"
2024,CT,2,"3,410","2,467",574
2024,DC,1,"5,616","3,308",900
2024,DE,1,"1,358",888,238
2024,FL,27,"31,362","10,229","16,868"
2024,GA,9,"12,290","3,707","6,673"
2024,GU,1,"1,249",144,"1,104"
2024,HI,2,"11,637","6,975","4,042"
2024,IA,3,"2,631","1,616",464
2024,ID,2,"2,750","1,031","1,374"
2024,IL,19,"25,832","20,954","2,664"
2024,IN,2,"6,285","3,900","1,477"
2024,KS,5,"2,793","1,496",904
2024,KY,3,"5,231","2,923","1,716"
2024,LA,7,"3,469","1,513","1,558"
2024,MA,11,"29,360","26,309","1,635"
2024,MD,10,"6,069","3,925","1,036"
2024,ME,1,"2,702","1,682",273
2024,MI,20,"9,739","6,449","1,623"
2024,MN,10,"9,201","5,352","2,084"
2024,MO,8,"7,312","3,386","2,384"
2024,MP,0,,,
2024,MS,3,"1,041",378,486
2024,MT,1,"2,008",927,576
2024,NC,12,"11,626","5,679","4,523"
2024,ND,1,865,544,190
2024,NE,3,"2,720","1,901",301
2024,NH,3,"2,245","1,182",579
2024,NJ,16,"12,762","9,576","1,767"
2024,NM,2,"4,631","2,017","2,242"
2024,NV,3,"10,106","4,362","4,914"
2024,NY,24,"158,019","147,717","5,638"
2024,OH,9,"11,759","8,241","2,379"
2024,OK,8,"5,467","2,599","2,216"
2024,OR,8,"22,875","6,918","14,191"
2024,PA,16,"14,088","9,118","2,635"
2024,PR,2,"2,096",249,"1,565"
2024,RI,1,"2,442","1,738",534
2024,SC,4,"4,593","2,049","1,846"
2024,SD,1,"1,338",912,227
2024,TN,10,"8,280","3,166","4,348"
2024,TX,11,"27,987","12,026","12,339"
2024,UT,3,"3,869","2,415","1,008"
2024,VA,16,"7,141","5,004","1,581"
2024,VI,1,279,28,205
2024,VT,2,"3,458","3,217",167
2024,WA,6,"31,554","12,323","16,222"
2024,WI,4,"5,049","3,693",510
2024,WV,4,"1,779",891,788
2024,WY,1,501,259,89
2023,AK,2,"2,614","1,764",468
2023,AL,8,"3,304","1,396","1,456"
2023,AR,5,"2,609",987,"1,322"
2023,AS,0,,,
2023,AZ,3,"14,237","5,104","7,615"
2023,CA,44,"181,399","46,111","123,423"
2023,CO,4,"14,439","7,396","4,745"
2023,CT,2,"3,015","2,153",501
2023,DC,1,"4,922","3,029",825
2023,DE,1,"1,245",827,198
2023,FL,27,"30,756","10,843","15,482"
2023,GA,9,"12,294","4,398","5,828"
2023,GU,1,"1,075",169,901
2023,HI,2,"6,223","1,659","3,907"
2023,IA,3,"2,653","1,657",456
2023,ID,2,"2,298","1,005","1,058"
2023,IL,19,"11,947","8,106","1,619"
2023,IN,2,"6,017","3,849","1,161"
2023,KS,5,"2,636","1,416",755
2023,KY,3,"4,766","2,756","1,470"
2023,LA,7,"3,169","1,378","1,399"
2023,MA,12,"19,141","16,383","1,362"
2023,MD,10,"5,865","3,905",952
2023,ME,1,"4,258","3,153",299
2023,MI,20,"8,997","6,265","1,335"
2023,MN,10,"8,393","5,008","1,676"
2023,MO,8,"6,708","3,225","2,013"
2023,MP,0,,,
2023,MS,3,982,400,444
2023,MT,1,"2,178","1,414",496
2023,NC,12,"9,754","5,034","3,443"
2023,ND,1,784,484,176
2023,NE,3,"2,462","1,610",312
2023,NH,3,"2,441","1,743",338
2023,NJ,16,"10,264","7,536","1,408"
2023,NM,2,"3,842","1,790","1,600"
2023,NV,3,"8,666","3,268","4,555"
2023,NY,24,"103,200","93,664","5,007"
2023,OH,9,"11,386","7,626","2,403"
2023,OK,8,"4,648","2,258","1,905"
2023,OR,8,"20,142","5,545","13,004"
2023,PA,16,"12,556","8,389","1,764"
2023,PR,2,"2,242",226,"1,770"
2023,RI,1,"1,810","1,289",334
2023,SC,4,"4,053","2,130","1,327"
2023,SD,1,"1,282",851,310
2023,TN,10,"9,215","3,739","4,521"
2023,TX,11,"27,377","11,937","11,686"
2023,UT,3,"3,687","2,237",980
2023,VA,16,"6,761","4,941","1,334"
2023,VI,1,252,19,205
2023,VT,2,"3,295","1,118",137
2023,WA,6,"28,036","11,024","13,953"
2023,WI,4,"4,861","3,558",458
2023,WV,4,"1,416",830,456
2023,WY,1,532,343,58
2022,AK,2,"2,320","1,598",357
2022,AL,8,"3,752","1,641","1,580"
2022,AR,5,"2,459",904,"1,296"
2022,AS,0,,,
2022,AZ,3,"13,553","3,909","8,027"
2022,CA,44,"171,521","44,553","115,491"
2022,CO,4,"10,397","5,054","3,156"
2022,CT,2,"2,930","2,308",294
2022,DC,1,"4,410","2,754",690
2022,DE,1,"2,369","2,002",154
2022,FL,27,"25,959","10,040","11,746"
2022,GA,9,"10,689","3,340","5,535"
2022,GU,1,"1,087",196,880
2022,HI,2,"5,967","1,484","3,743"
2022,IA,3,"2,419","1,465",406
2022,ID,2,"1,998",811,888
2022,IL,19,"9,212","5,342","1,901"
2022,IN,2,"5,449","3,860",799
2022,KS,5,"2,397","1,130",698
2022,KY,3,"3,984","2,410","1,084"
2022,LA,7,"7,373","5,718","1,235"
2022,MA,12,"15,507","12,924","1,135"
2022,MD,11,"5,349","3,411",891
2022,ME,1,"4,411","3,276",164
2022,MI,20,"8,206","5,934",900
2022,MN,10,"7,917","4,443","1,769"
2022,MO,8,"5,992","3,127","1,601"
2022,MP,1,"1,207",2,"1,205"
2022,MS,3,"1,196",313,761
2022,MT,1,"1,585","1,072",293
2022,NC,12,"9,382","4,566","3,625"
2022,ND,1,610,397,83
2022,NE,3,"2,246","1,569",216
2022,NH,3,"1,605",923,331
2022,NJ,16,"8,752","6,366",976
2022,NM,2,"2,560","1,725",554
2022,NV,3,"7,618","3,295","3,567"
2022,NY,24,"74,178","65,640","4,038"
2022,OH,9,"10,654","7,344","1,948"
2022,OK,8,"3,754","1,901","1,317"
2022,OR,8,"17,959","5,103","11,088"
2022,PA,16,"12,691","8,349","1,606"
2022,PR,2,"2,215",231,"1,728"
2022,RI,1,"1,577","1,152",248
2022,SC,4,"3,608","1,888","1,234"
2022,SD,1,"1,389",954,342
2022,TN,10,"10,567","3,538","6,133"
2022,TX,11,"24,432","10,762","10,971"
2022,UT,3,"3,557","2,219",873
2022,VA,16,"6,529","5,298",685
2022,VI,1,175,36,113
2022,VT,2,"2,780","2,624",45
2022,WA,6,"25,211","9,636","12,668"
2022,WI,4,"4,775","3,624",301
2022,WV,4,"1,375",824,399
2022,WY,1,648,485,64
2021,AK,2,"1,949","1,360",152
2021,AL,8,"2,556","1,095",930
2021,AR,5,"2,139","1,169",669
2021,AS,0,,,
2021,AZ,3,"5,460","3,822",0
2021,CA,44,"57,468","40,662","6,039"
2021,CO,4,"8,544","5,673",528
2021,CT,2,"2,593","1,845",428
2021,DC,1,"5,111","3,352",681
2021,DE,1,"1,579","1,342",0
2021,FL,27,"21,121","9,193","7,728"
2021,GA,9,"5,486","3,379",254
2021,GU,1,199,185,0
2021,HI,2,"2,490","1,713",0
2021,IA,3,"2,534","1,426",528
2021,ID,2,"1,889",707,872
2021,IL,19,"7,958","4,897","1,025"
2021,IN,2,"4,975","3,123",925
2021,KS,5,"1,803","1,001",203
2021,KY,3,"2,544","1,885",257
2021,LA,7,"2,131","1,224",518
2021,MA,12,"15,079","12,544","1,135"
2021,MD,12,"4,550","3,115",502
2021,ME,1,"2,063","1,082",0
2021,MI,20,"6,757","5,142",211
2021,MN,10,"6,775","4,588",314
2021,MO,8,"4,926","2,714",847
2021,MP,1,2,2,0
2021,MS,3,626,223,267
2021,MT,1,"1,801",900,633
2021,NC,12,"7,249","4,500","1,637"
2021,ND,1,548,322,74
2021,NE,3,"1,935","1,331",159
2021,NH,3,"1,491",877,320
2021,NJ,16,"8,262","6,002",819
2021,NM,2,"2,747","1,642",775
2021,NV,3,"7,090","2,529","3,797"
2021,NY,24,"78,920","71,376","2,869"
2021,OH,9,"7,915","6,469",153
2021,OK,8,"2,694","1,775",363
2021,OR,8,"9,048","3,615","3,870"
2021,PA,16,"10,339","6,525",975
2021,PR,2,439,183,0
2021,RI,1,"1,267",869,181
2021,SC,4,"3,207","1,522","1,165"
2021,SD,1,817,718,0
2021,TN,10,"6,823","2,513","3,380"
2021,TX,11,"17,295","8,720","6,020"
2021,UT,3,"3,565","2,023","1,155"
2021,VA,16,"5,812","4,760",477
2021,VI,1,177,12,113
2021,VT,2,"2,591","2,500",0
2021,WA,6,"11,511","8,303",0
2021,WI,4,"4,237","3,183",241
2021,WV,4,"1,138",709,315
2021,WY,1,405,338,0
2020,AK,2,"1,949","1,347",224
2020,AL,8,"3,351","1,421","1,299"
2020,AR,4,"2,366",912,"1,273"
2020,AS,0,,,
2020,AZ,3,"10,979","3,483","5,521"
2020,CA,44,"161,548","35,966","113,660"
2020,CO,4,"9,846","4,553","2,913"
2020,CT,2,"2,905","2,141",325
2020,DC,1,"6,380","4,526",653
2020,DE,1,"1,165",739,150
2020,FL,27,"27,487","9,899","12,672"
2020,GA,9,"10,234","3,736","4,156"
2020,GU,1,790,101,682
2020,HI,2,"6,458","1,696","3,650"
2020,IA,3,"2,647","1,606",333
2020,ID,2,"2,315",992,"1,043"
2020,IL,19,"10,431","5,846","2,278"
2020,IN,2,"5,625","3,496",966
2020,KS,5,"2,449","1,307",482
2020,KY,3,"4,011","2,589",928
2020,LA,7,"3,173","1,355","1,153"
2020,MA,13,"17,975","14,823","1,294"
2020,MD,16,"6,360","3,731","1,236"
2020,ME,1,"2,097","1,000",141
2020,MI,20,"8,638","5,743","1,039"
2020,MN,10,"7,940","4,036","1,949"
2020,MO,8,"6,527","3,466","1,648"
2020,MP,1,"1,207",2,"1,205"
2020,MS,3,"1,107",332,526
2020,MT,1,"1,545",767,460
2020,NC,12,"9,280","5,112","2,558"
2020,ND,1,541,369,34
2020,NE,3,"2,404","1,658",143
2020,NH,3,"1,675",929,348
2020,NJ,16,"9,662","6,030","1,781"
2020,NM,2,"3,333","1,703","1,259"
2020,NV,3,"6,900","1,873","4,209"
2020,NY,24,"91,271","81,342","4,557"
2020,OH,9,"10,655","7,276","1,844"
2020,OK,8,"3,932","2,107","1,244"
2020,OR,8,"14,655","3,874","8,877"
2020,PA,16,"13,375","8,244","1,857"
2020,PR,2,"2,451",230,"1,900"
2020,RI,1,"1,104",742,108
2020,SC,4,"4,287","1,827","1,704"
2020,SD,1,"1,058",751,246
2020,TN,10,"7,256","3,241","2,784"
2020,TX,11,"27,229","10,727","13,212"
2020,UT,3,"3,131","2,034",704
2020,VA,16,"5,957","4,269",968
2020,VI,1,304,12,232
2020,VT,2,"1,110",896,114
2020,WA,6,"22,923","8,533","10,814"
2020,WI,4,"4,515","3,247",324
2020,WV,4,"1,341",930,277
2020,WY,1,612,349,123
2019,AK,2,"1,907","1,218",273
2019,AL,8,"3,261","1,503","1,191"
2019,AR,5,"2,717",950,"1,415"
2019,AS,0,,,
2019,AZ,3,"10,007","3,437","4,532"
2019,CA,44,"151,278","30,723","108,432"
2019,CO,3,"9,619","4,818","2,188"
2019,CT,2,"3,033","2,116",456
2019,DC,1,"6,521","4,679",608
2019,DE,1,921,606,95
2019,FL,27,"28,328","10,465","12,476"
2019,GA,9,"10,443","4,463","3,880"
2019,GU,1,875,102,764
2019,HI,2,"6,412","1,587","3,640"
2019,IA,3,"2,315","1,374",188
2019,ID,2,"2,315",999,985
2019,IL,19,"10,199","5,892","1,889"
2019,IN,2,"5,471","3,598",642
2019,KS,5,"2,381","1,377",475
2019,KY,3,"4,079","2,778",779
2019,LA,7,"2,941","1,300",974
2019,MA,15,"18,471","15,631",829
2019,MD,16,"6,561","3,643","1,348"
2019,ME,1,"2,106","1,105",95
2019,MI,21,"8,575","6,040",662
2019,MN,10,"7,977","4,277","1,653"
2019,MO,8,"6,179","3,847",976
2019,MP,1,"1,807",20,"1,787"
2019,MS,3,"1,184",415,486
2019,MT,1,"1,357",755,345
2019,NC,12,"9,314","5,495","2,268"
2019,ND,1,557,391,12
2019,NE,3,"2,365","1,534",110
2019,NH,3,"1,396",822,149
2019,NJ,16,"8,862","5,534","1,482"
2019,NM,2,"3,241","1,616","1,259"
2019,NV,3,"7,169","2,408","3,807"
2019,NY,27,"92,091","82,967","4,047"
2019,OH,9,"10,345","7,382","1,507"
2019,OK,8,"3,944","2,176","1,237"
2019,OR,7,"15,876","3,748","10,142"
2019,PA,16,"13,199","8,053","1,630"
2019,PR,2,"2,535",300,"1,900"
2019,RI,1,"1,055",743,71
2019,SC,4,"4,172","1,820","1,717"
2019,SD,1,995,681,234
2019,TN,10,"7,467","3,240","2,598"
2019,TX,11,"25,848","10,950","11,222"
2019,UT,3,"2,798","1,971",408
2019,VA,16,"5,783","4,179",859
2019,VI,1,314,26,232
2019,VT,2,"1,089",841,114
2019,WA,6,"21,577","8,378","9,557"
2019,WI,4,"4,538","3,067",295
2019,WV,4,"1,397","1,023",248
2019,WY,1,548,264,125
2018,AK,2,"2,016","1,248",309
2018,AL,8,"3,434","1,519","1,010"
2018,AR,7,"2,712",933,"1,257"
2018,AS,0,,,
2018,AZ,3,"9,865","3,615","4,066"
2018,CA,43,"129,972","27,475","89,543"
2018,CO,3,"10,857","4,158","4,329"
2018,CT,2,"3,976","2,879",581
2018,DC,1,"6,904","5,095",600
2018,DE,1,"1,082",702,93
2018,FL,27,"31,030","12,089","13,393"
2018,GA,9,"9,499","3,434","3,599"
2018,GU,1,854,124,727
2018,HI,2,"6,530","1,528","3,475"
2018,IA,3,"2,749","1,481",241
2018,ID,2,"2,012",954,723
2018,IL,20,"10,643","6,247","1,942"
2018,IN,2,"5,258","3,370",579
2018,KS,5,"2,216","1,300",357
2018,KY,3,"3,688","2,340",868
2018,LA,7,"3,059","1,163","1,065"
2018,MA,15,"20,068","16,855",985
2018,MD,16,"7,144","3,603","1,764"
2018,ME,1,"2,516","1,012",98
2018,MI,21,"8,351","5,499",899
2018,MN,10,"7,243","3,855","1,121"
2018,MO,8,"5,883","3,262","1,214"
2018,MP,1,"1,044",22,"1,022"
2018,MS,3,"1,352",404,621
2018,MT,1,"1,405",793,373
2018,NC,12,"9,268","5,289","2,450"
2018,ND,1,542,339,48
2018,NE,3,"2,421","1,736",144
2018,NH,3,"1,450",812,154
2018,NJ,16,"9,398","5,805","1,623"
2018,NM,2,"2,551","1,368",796
2018,NV,3,"7,544","2,183","4,239"
2018,NY,26,"91,897","82,370","4,294"
2018,OH,9,"10,249","7,234","1,315"
2018,OK,8,"3,871","2,077","1,191"
2018,OR,7,"14,476","3,757","8,925"
2018,PA,16,"13,512","7,863","1,744"
2018,PR,2,"3,182",342,"2,512"
2018,RI,1,"1,101",739,51
2018,SC,4,"3,933","1,997","1,344"
2018,SD,1,"1,159",707,285
2018,TN,10,"7,883","3,547","2,855"
2018,TX,11,"25,310","11,307","10,534"
2018,UT,3,"2,876","1,946",420
2018,VA,16,"5,975","4,232",915
2018,VI,1,486,137,307
2018,VT,2,"1,291","1,029",82
2018,WA,6,"22,304","7,652","10,621"
2018,WI,4,"4,907","3,139",382
2018,WV,4,"1,243",870,183
2018,WY,1,639,269,199
2017,AK,2,"1,845","1,017",294
2017,AL,8,"3,793","1,644","1,137"
2017,AR,6,"2,467",915,"1,194"
2017,AS,0,,,
2017,AZ,3,"8,947","3,841","3,166"
2017,CA,43,"131,532","26,854","88,896"
2017,CO,3,"10,940","4,135","3,859"
2017,CT,2,"3,388","2,249",416
2017,DC,1,"7,473","5,363",897
2017,DE,1,994,564,58
2017,FL,27,"32,190","10,732","15,079"
2017,GA,9,"10,174","3,821","3,523"
2017,GU,1,852,87,765
2017,HI,2,"7,220","1,341","3,800"
2017,IA,3,"2,756","1,373",104
2017,ID,2,"2,037","1,003",639
2017,IL,20,"10,798","4,160","2,257"
2017,IN,2,"5,438","3,368",569
2017,KS,5,"2,287","1,277",345
2017,KY,3,"4,025","2,174",727
2017,LA,8,"3,305","1,326",975
2017,MA,15,"17,565","14,301",991
2017,MD,16,"7,247","3,557","1,736"
2017,ME,1,"2,280",993,180
2017,MI,21,"9,051","5,656","1,023"
2017,MN,10,"7,668","3,620","1,108"
2017,MO,8,"6,037","3,133","1,152"
2017,MP,1,672,24,648
2017,MS,3,"1,472",421,719
2017,MT,1,"1,529",748,544
2017,NC,12,"8,962","4,893","2,451"
2017,ND,1,"1,089",584,331
2017,NE,3,"2,501","1,608",120
2017,NH,3,"1,456",764,174
2017,NJ,16,"8,536","5,264","1,414"
2017,NM,2,"2,482","1,254",796
2017,NV,3,"7,833","2,270","4,578"
2017,NY,26,"89,503","79,149","4,555"
2017,OH,9,"10,095","6,759","1,309"
2017,OK,8,"4,199","2,385","1,115"
2017,OR,7,"13,953","3,767","7,967"
2017,PA,16,"14,138","7,524","1,798"
2017,PR,2,"3,525",396,"2,512"
2017,RI,1,"1,180",807,69
2017,SC,4,"3,916","1,619","1,501"
2017,SD,1,943,590,171
2017,TN,10,"8,309","3,896","2,765"
2017,TX,11,"23,548","10,545","8,493"
2017,UT,3,"2,852","2,165",278
2017,VA,16,"6,067","3,861","1,008"
2017,VI,1,381,39,307
2017,VT,2,"1,225",843,134
2017,WA,7,"21,112","7,448","8,591"
2017,WI,4,"5,027","3,062",340
2017,WV,4,"1,309",920,188
2017,WY,1,873,321,363
2016,AK,2,"1,940","1,007",442
2016,AL,8,"4,111","1,601","1,218"
2016,AR,7,"2,463","1,092",847
2016,AS,0,,,
2016,AZ,3,"9,707","3,701","3,244"
2016,CA,43,"118,142","21,766","78,390"
2016,CO,3,"10,550","4,467","2,939"
2016,CT,2,"3,902","2,370",673
2016,DC,1,"8,350","6,259",318
2016,DE,1,"1,070",621,51
2016,FL,27,"33,559","10,526","15,361"
2016,GA,9,"12,909","3,963","5,366"
2016,GU,1,"1,085",105,973
2016,HI,2,"7,921","1,226","4,308"
2016,IA,3,"3,064","1,332",143
2016,ID,2,"2,247",832,738
2016,IL,20,"11,590","4,183","1,854"
2016,IN,3,"5,798","3,164",691
2016,KS,5,"2,255","1,080",282
2016,KY,3,"4,237","2,112",706
2016,LA,9,"3,994","1,444","1,141"
2016,MA,16,"19,608","15,714",760
2016,MD,16,"7,689","3,647","1,528"
2016,ME,2,"2,241","1,060",120
2016,MI,21,"9,316","5,394",960
2016,MN,10,"7,341","3,700",889
2016,MO,8,"6,194","3,050","1,216"
2016,MP,0,,,
2016,MS,3,"1,738",524,849
2016,MT,1,"1,418",481,630
2016,NC,12,"9,559","5,215","2,309"
2016,ND,1,923,535,216
2016,NE,3,"2,754","1,484",101
2016,NH,3,"1,366",653,143
2016,NJ,15,"8,895","5,514","1,434"
2016,NM,2,"2,263","1,241",454
2016,NV,3,"7,398","2,328","3,927"
2016,NY,26,"86,352","75,595","3,591"
2016,OH,9,"10,404","6,530","1,138"
2016,OK,8,"4,107","2,425","1,020"
2016,OR,7,"13,238","3,138","8,002"
2016,PA,16,"15,339","7,784","1,675"
2016,PR,2,"4,418",343,"3,097"
2016,RI,1,"1,160",822,37
2016,SC,4,"5,051","1,832","1,690"
2016,SD,1,"1,072",616,185
2016,TN,10,"8,779","3,729","3,006"
2016,TX,11,"23,122","10,448","6,908"
2016,UT,3,"2,807","1,984",236
2016,VA,16,"6,268","3,900",766
2016,VI,1,341,53,252
2016,VT,2,"1,117",660,156
2016,WA,7,"20,827","6,752","8,466"
2016,WI,4,"5,685","3,044",410
2016,WV,4,"1,387",963,135
2016,WY,1,857,297,366
2015,AK,2,"1,956","1,127",317
2015,AL,8,"3,970","1,574","1,027"
2015,AR,7,"2,560","1,161",882
2015,AS,0,,,
2015,AZ,3,"9,896","3,395","2,957"
2015,CA,43,"115,738","22,750","73,699"
2015,CO,3,"9,953","3,782","2,819"
2015,CT,3,"4,047","2,418",626
2015,DC,1,"7,298","5,085",544
2015,DE,1,953,529,37
2015,FL,27,"35,900","9,894","17,017"
2015,GA,9,"13,790","3,984","5,803"
2015,GU,1,"1,280",73,"1,193"
2015,HI,2,"7,620","1,257","3,843"
2015,IA,3,"3,081","1,225",203
2015,ID,2,"1,966",790,469
2015,IL,20,"13,177","4,684","2,714"
2015,IN,3,"5,863","3,082",583
2015,KS,5,"2,588","1,353",305
2015,KY,3,"4,538","2,281",742
2015,LA,9,"4,081","1,306","1,191"
2015,MA,16,"21,135","17,444",593
2015,MD,16,"8,390","3,953","1,796"
2015,ME,2,"2,372","1,085",59
2015,MI,21,"10,516","5,393","1,072"
2015,MN,10,"7,546","3,764",841
2015,MO,8,"6,482","3,379","1,071"
2015,MP,0,,,
2015,MS,3,"1,983",523,842
2015,MT,1,"1,709",535,872
2015,NC,12,"10,685","5,672","2,425"
2015,ND,1,"1,305",640,486
2015,NE,3,"2,744","1,493",123
2015,NH,3,"1,445",770,132
2015,NJ,16,"10,098","6,877",974
2015,NM,2,"2,629","1,387",454
2015,NV,3,"8,743","3,251","4,215"
2015,NY,27,"88,250","75,646","4,022"
2015,OH,9,"11,182","6,942","1,099"
2015,OK,8,"3,777","2,309",778
2015,OR,7,"13,226","3,214","7,395"
2015,PA,16,"15,421","7,576","1,428"
2015,PR,2,"4,518",399,"3,097"
2015,RI,1,"1,111",743,36
2015,SC,4,"5,354","1,639","1,896"
2015,SD,1,"1,036",642,136
2015,TN,10,"9,123","3,540","3,244"
2015,TX,11,"23,678","10,244","7,486"
2015,UT,3,"3,025","1,912",226
2015,VA,16,"7,001","4,453",811
2015,VI,1,337,53,252
2015,VT,2,"1,523","1,082",150
2015,WA,7,"19,419","6,624","7,121"
2015,WI,4,"6,057","3,112",442
2015,WV,4,"1,835","1,020",432
2015,WY,1,798,231,291
2014,AK,2,"1,784","1,139",145
2014,AL,8,"4,561","1,851","1,043"
2014,AR,6,"2,936","1,021","1,433"
2014,AS,0,,,
2014,AZ,3,"10,495","4,291","2,569"
2014,CA,40,"113,952","20,964","71,437"
2014,CO,3,"10,028","4,002","1,945"
2014,CT,6,"4,450","2,481",919
2014,DC,1,"7,748","5,754",396
2014,DE,1,901,435,37
2014,FL,28,"41,542","10,250","21,691"
2014,GA,9,"16,521","4,441","8,307"
2014,GU,1,"1,356",57,"1,230"
2014,HI,2,"6,918","1,162","3,105"
2014,IA,3,"3,122","1,387",196
2014,ID,2,"2,104",739,636
2014,IL,20,"13,107","5,031","1,698"
2014,IN,3,"5,971","3,376",403
2014,KS,5,"2,783","1,460",249
2014,KY,3,"5,089","2,382",831
2014,LA,9,"4,606","1,451","1,103"
2014,MA,18,"21,237","16,835",759
2014,MD,16,"7,856","3,703","1,589"
2014,ME,2,"2,726","1,107",93
2014,MI,21,"12,227","5,513","2,152"
2014,MN,10,"8,377","4,414",795
2014,MO,8,"7,282","3,521",973
2014,MP,0,,,
2014,MS,3,"2,226",732,821
2014,MT,1,"1,745",471,834
2014,NC,12,"11,491","5,631","2,617"
2014,ND,1,"1,258",639,464
2014,NE,3,"3,026","1,584",109
2014,NH,3,"1,376",710,133
2014,NJ,17,"11,671","7,692",935
2014,NM,2,"2,746","1,409",428
2014,NV,3,"8,582","3,582","3,785"
2014,NY,29,"80,590","66,893","4,103"
2014,OH,9,"11,823","7,043","1,103"
2014,OK,8,"4,191","2,499",932
2014,OR,7,"12,164","2,767","6,063"
2014,PA,18,"15,333","7,733","1,032"
2014,PR,2,"4,132",406,"2,726"
2014,RI,1,"1,190",803,20
2014,SC,4,"5,057","1,782","1,808"
2014,SD,1,885,528,55
2014,TN,10,"9,415","4,160","3,032"
2014,TX,12,"28,495","10,601","10,267"
2014,UT,3,"3,081","1,762",313
2014,VA,16,"7,020","4,281",690
2014,VI,1,448,51,363
2014,VT,2,"1,559","1,031",163
2014,WA,7,"18,442","6,202","5,902"
2014,WI,4,"6,055","3,111",343
2014,WV,4,"2,013","1,189",430
2014,WY,1,757,268,194
2013,AK,2,"1,946","1,137",205
2013,AL,8,"4,689","1,555","1,443"
2013,AR,6,"3,812","1,037","2,148"
2013,AS,0,,,
2013,AZ,3,"10,562","3,893","3,131"
2013,CA,40,"118,552","21,928","72,998"
2013,CO,3,"9,754","4,025","2,163"
2013,CT,6,"4,448","2,390",919
2013,DC,1,"6,865","4,010",512
2013,DE,1,946,516,10
2013,FL,28,"47,862","8,755","28,192"
2013,GA,9,"16,971","4,824","8,461"
2013,GU,1,"1,271",60,"1,143"
2013,HI,2,"6,335","1,226","2,590"
2013,IA,3,"3,084","1,203",134
2013,ID,2,"1,781",745,377
2013,IL,20,"13,425","5,160","2,196"
2013,IN,3,"6,096","3,087",700
2013,KS,5,"2,693","1,329",311
2013,KY,3,"5,245","2,439",754
2013,LA,9,"5,226","1,389","1,575"
2013,MA,18,"19,029","13,962",850
2013,MD,16,"8,205","3,713","1,922"
2013,ME,2,"3,016","1,090",62
2013,MI,21,"11,527","4,927","2,188"
2013,MN,10,"8,214","4,158",915
2013,MO,8,"8,581","3,381","2,080"
2013,MP,0,,,
2013,MS,3,"2,403",501,"1,320"
2013,MT,1,"1,878",706,784
2013,NC,12,"12,168","5,281","3,155"
2013,ND,1,"2,069",540,"1,395"
2013,NE,3,"3,145","1,532",173
2013,NH,3,"1,447",685,202
2013,NJ,17,"12,002","7,224","1,399"
2013,NM,2,"2,819","1,495",428
2013,NV,3,"7,039","2,496","3,341"
2013,NY,30,"77,430","61,742","4,157"
2013,OH,9,"12,325","6,336","1,338"
2013,OK,8,"4,408","2,301","1,146"
2013,OR,7,"13,822","2,800","7,390"
2013,PA,18,"15,086","6,943","1,359"
2013,PR,2,"4,128",339,"2,726"
2013,RI,1,"1,384",850,117
2013,SC,4,"6,544","1,677","3,133"
2013,SD,1,"1,094",433,339
2013,TN,10,"9,528","3,421","3,207"
2013,TX,12,"29,615","9,935","12,090"
2013,UT,3,"3,277","1,773",418
2013,VA,16,"7,625","4,285","1,022"
2013,VI,1,482,68,363
2013,VT,2,"1,454",959,184
2013,WA,7,"17,760","5,969","5,053"
2013,WI,4,"6,104","3,036",368
2013,WV,4,"2,240","1,100",628
2013,WY,1,953,292,452
2012,AK,2,"1,913","1,139",197
2012,AL,8,"5,209","1,663","1,545"
2012,AR,6,"4,214",886,"2,612"
2012,AS,0,,,
2012,AZ,3,"11,302","4,291","3,087"
2012,CA,42,"120,098","22,200","74,208"
2012,CO,3,"16,768","3,502","9,508"
2012,CT,7,"4,209","2,271",695
2012,DC,1,"6,954","3,772",679
2012,DE,1,"1,008",527,22
2012,FL,28,"55,170","9,388","35,338"
2012,GA,7,"20,516","4,291","12,196"
2012,GU,1,"1,301",66,"1,114"
2012,HI,2,"6,246","1,141","2,520"
2012,IA,3,"2,928","1,164",148
2012,ID,2,"1,968",770,486
2012,IL,20,"14,144","4,828","2,995"
2012,IN,3,"6,259","2,934",889
2012,KS,5,"2,684","1,317",334
2012,KY,3,"5,230","2,132",911
2012,LA,9,"7,772","1,375","3,965"
2012,MA,19,"17,501","12,652",722
2012,MD,16,"9,454","3,399","3,512"
2012,ME,2,"2,393",975,33
2012,MI,21,"12,592","5,221","2,322"
2012,MN,10,"7,744","3,684",990
2012,MO,8,"10,237","4,683","2,344"
2012,MP,0,,,
2012,MS,3,"2,413",486,"1,371"
2012,MT,1,"1,833",716,680
2012,NC,12,"13,524","4,641","4,715"
2012,ND,1,688,474,53
2012,NE,3,"3,789","1,581",832
2012,NH,3,"1,496",769,167
2012,NJ,19,"13,025","8,130","1,596"
2012,NM,2,"3,245","1,380",848
2012,NV,3,"8,497","2,503","4,527"
2012,NY,31,"69,566","53,018","4,084"
2012,OH,9,"13,977","6,277","1,731"
2012,OK,8,"5,032","2,098","1,989"
2012,OR,7,"15,828","2,600","9,283"
2012,PA,18,"14,736","6,946","1,076"
2012,PR,2,"3,212",357,"1,866"
2012,RI,1,"1,277",805,28
2012,SC,4,"4,915","1,460","2,139"
2012,SD,1,859,514,64
2012,TN,10,"9,426","2,863","3,648"
2012,TX,14,"34,052","10,055","16,551"
2012,UT,3,"3,527","1,725",475
2012,VA,19,"8,424","4,170","1,429"
2012,VI,1,484,32,378
2012,VT,2,"1,160",562,223
2012,WA,7,"20,504","6,053","5,477"
2012,WI,4,"6,027","2,868",581
2012,WV,4,"2,410","1,014",877
2012,WY,1,"1,813",231,"1,338"
2011,AK,2,"2,128","1,035",368
2011,AL,8,"5,558","1,615","1,809"
2011,AR,7,"3,424","1,018","1,622"
2011,AS,0,,,
2011,AZ,3,"10,504","3,571","3,202"
2011,CA,42,"125,128","26,282","74,437"
2011,CO,3,"15,116","2,979","8,970"
2011,CT,7,"4,456","2,358",695
2011,DC,1,"6,546","3,641",305
2011,DE,1,"1,035",549,22
2011,FL,28,"56,687","9,641","35,863"
2011,GA,7,"20,975","4,483","12,252"
2011,GU,1,"1,745",67,"1,541"
2011,HI,2,"6,188","1,076","2,556"
2011,IA,3,"3,134","1,179",121
2011,ID,2,"2,199",797,614
2011,IL,20,"14,009","4,957","2,920"
2011,IN,3,"6,196","2,734",646
2011,KS,5,"2,511","1,348",289
2011,KY,3,"6,034","2,496",851
2011,LA,9,"9,291","1,223","5,886"
2011,MA,20,"16,664","11,589",703
2011,MD,16,"10,208","3,606","3,712"
2011,ME,3,"2,447",904,29
2011,MI,21,"13,185","5,412","2,321"
2011,MN,10,"7,495","3,504",928
2011,MO,8,"8,989","3,523","2,271"
2011,MP,0,,,
2011,MS,3,"2,306",429,"1,250"
2011,MT,1,"1,768",708,552
2011,NC,12,"12,896","5,175","3,651"
2011,ND,1,603,415,43
2011,NE,3,"3,548","1,623",507
2011,NH,3,"1,469",582,310
2011,NJ,19,"14,137","8,110","1,307"
2011,NM,2,"3,601","1,693",848
2011,NV,3,"9,150","1,436","4,605"
2011,NY,32,"63,445","49,471","3,667"
2011,OH,9,"13,030","5,997","1,806"
2011,OK,8,"4,625","2,062","1,637"
2011,OR,7,"17,254","2,555","10,242"
2011,PA,18,"15,096","7,387","1,060"
2011,PR,2,"2,900",330,"1,866"
2011,RI,1,"1,070",680,31
2011,SC,4,"5,093","1,554","2,139"
2011,SD,1,826,371,64
2011,TN,10,"9,113","3,007","3,198"
2011,TX,16,"36,911","10,027","17,939"
2011,UT,3,"3,130","1,506",443
2011,VA,20,"8,816","4,395","1,430"
2011,VI,1,532,37,378
2011,VT,2,"1,144",579,123
2011,WA,7,"20,439","6,047","5,364"
2011,WI,4,"5,785","2,644",430
2011,WV,4,"2,211",923,806
2011,WY,1,"1,038",127,843
2010,AK,2,"1,863","1,013",192
2010,AL,8,"6,046","1,428","2,155"
2010,AR,5,"2,762",668,"1,034"
2010,AS,0,,,
2010,AZ,3,"13,711","3,503","6,497"
2010,CA,43,"123,480","23,701","72,581"
2010,CO,3,"15,482","4,895","6,451"
2010,CT,10,"4,316","2,314",499
2010,DC,1,"6,539","3,584",430
2010,DE,1,982,481,52
2010,FL,28,"57,551","10,242","35,734"
2010,GA,7,"19,836","4,303","11,090"
2010,GU,1,"1,635",56,"1,453"
2010,HI,2,"5,834",994,"2,299"
2010,IA,3,"3,014","1,062",111
2010,ID,2,"2,346",796,782
2010,IL,21,"14,395","4,981","2,187"
2010,IN,3,"6,452","2,707","1,219"
2010,KS,5,"2,024","1,179",196
2010,KY,3,"6,623","2,740","1,024"
2010,LA,9,"12,482","1,617","8,386"
2010,MA,20,"16,646","11,451","1,051"
2010,MD,16,"10,845","3,511","4,330"
2010,ME,3,"2,379",854,28
2010,MI,21,"13,058","5,186","2,839"
2010,MN,11,"7,869","3,360","1,139"
2010,MO,8,"8,122","3,363","1,786"
2010,MP,0,,,
2010,MS,3,"2,743",578,"1,562"
2010,MT,1,"1,615",674,447
2010,NC,12,"12,191","4,979","3,018"
2010,ND,1,799,461,31
2010,NE,7,"3,877","1,765",522
2010,NH,3,"1,574",729,237
2010,NJ,20,"13,737","7,878","1,654"
2010,NM,2,"3,475",985,"1,367"
2010,NV,3,"11,205","1,381","3,357"
2010,NY,32,"65,606","50,469","4,139"
2010,OH,9,"12,569","6,190","1,840"
2010,OK,8,"5,229","2,350","1,914"
2010,OR,8,"19,492","2,446","12,261"
2010,PA,17,"14,516","6,878","1,098"
2010,PR,2,"4,149",548,"2,745"
2010,RI,1,"1,282",761,76
2010,SC,4,"4,473","1,577","1,437"
2010,SD,1,731,371,64
2010,TN,10,"10,276","4,372","3,277"
2010,TX,17,"35,121","10,577","15,930"
2010,UT,3,"3,284","1,448",562
2010,VA,22,"9,080","4,510","1,641"
2010,VI,1,487,33,395
2010,VT,2,"1,220",611,142
2010,WA,7,"22,878","6,043","6,389"
2010,WI,4,"6,333","2,680","1,080"
2010,WV,4,"2,264",908,740
2010,WY,1,579,264,64
2009,AK,2,"1,992","1,009",327
2009,AL,8,"6,080","1,419","2,167"
2009,AR,6,"2,852",652,"1,122"
2009,AS,0,,,
2009,AZ,3,"14,721","4,020","6,355"
2009,CA,43,"123,678","23,081","72,901"
2009,CO,3,"15,268","4,895","6,237"
2009,CT,12,"4,605","2,542",502
2009,DC,1,"6,228","3,315",321
2009,DE,1,"1,130",583,47
2009,FL,28,"55,599","10,491","33,732"
2009,GA,7,"20,360","4,819","10,941"
2009,GU,1,"1,088",67,906
2009,HI,2,"5,782","1,050","2,514"
2009,IA,3,"3,380","1,180",159
2009,ID,2,"1,939",631,462
2009,IL,21,"14,055","5,066","2,204"
2009,IN,3,"6,984","3,249","1,778"
2009,KS,5,"1,892","1,116",196
2009,KY,3,"5,999","2,645",700
2009,LA,9,"12,504","1,618","8,386"
2009,MA,20,"15,482","9,359","1,006"
2009,MD,16,"11,698","4,205","4,252"
2009,ME,3,"2,444",843,38
2009,MI,22,"14,005","5,725","2,707"
2009,MN,11,"7,718","3,479",946
2009,MO,8,"6,959","2,894","1,490"
2009,MP,0,,,
2009,MS,3,"2,797",524,"1,576"
2009,MT,1,"1,196",404,363
2009,NC,12,"12,918","4,873","4,445"
2009,ND,1,773,487,8
2009,NE,7,"3,718","1,593",639
2009,NH,3,"1,645",892,239
2009,NJ,20,"13,169","7,602","1,298"
2009,NM,2,"3,475",985,"1,367"
2009,NV,3,"11,089","1,311","3,297"
2009,NY,32,"61,067","46,894","3,613"
2009,OH,9,"12,700","6,222","1,771"
2009,OK,8,"4,838","2,316","1,531"
2009,OR,8,"17,309","2,715","9,867"
2009,PA,17,"15,096","6,954","1,277"
2009,PR,2,"4,070",551,"2,745"
2009,RI,1,"1,607",819,51
2009,SC,5,"4,473","1,577","1,437"
2009,SD,1,731,371,64
2009,TN,10,"10,532","4,468","3,399"
2009,TX,18,"36,761","12,672","15,103"
2009,UT,3,"3,795","2,080",255
2009,VA,22,"8,852","4,095","1,568"
2009,VI,1,471,40,395
2009,VT,2,"1,214",595,157
2009,WA,7,"22,782","6,714","6,545"
2009,WI,4,"6,525","2,789","1,060"
2009,WV,4,"1,667",793,389
2009,WY,1,515,185,64
2008,AK,2,"1,646",847,194
2008,AL,8,"5,387","1,534","1,544"
2008,AR,6,"3,255","1,048","1,235"
2008,AS,0,,,
2008,AZ,3,"12,488","3,104","5,518"
2008,CA,42,"136,531","22,917","89,566"
2008,CO,3,"14,747","3,492","7,870"
2008,CT,12,"4,627","2,409",607
2008,DC,1,"6,044","3,463",378
2008,DE,1,933,446,71
2008,FL,28,"50,158","9,769","29,434"
2008,GA,7,"19,095","4,420","10,230"
2008,GU,1,725,33,622
2008,HI,2,"6,061","1,114","3,358"
2008,IA,3,"3,346","1,018",259
2008,ID,2,"1,464",630,214
2008,IL,21,"14,724","5,660","3,244"
2008,IN,3,"7,395","3,127","1,472"
2008,KS,5,"1,738",922,238
2008,KY,3,"8,137","2,725","1,942"
2008,LA,9,"5,481","1,408","1,781"
2008,MA,21,"14,506","8,471","1,069"
2008,MD,16,"9,219","3,187","3,165"
2008,ME,3,"2,632",758,44
2008,MI,22,"28,248","7,463","16,467"
2008,MN,11,"7,644","3,101","1,374"
2008,MO,8,"7,687","3,157","2,080"
2008,MP,0,,,
2008,MS,3,"1,961",416,755
2008,MT,1,"1,417",578,410
2008,NC,13,"12,411","4,863","4,386"
2008,ND,1,615,394,19
2008,NE,7,"3,985","1,444",758
2008,NH,3,"2,019",896,484
2008,NJ,20,"13,832","7,392","1,972"
2008,NM,2,"3,015",958,"1,267"
2008,NV,3,"8,726","1,525","3,863"
2008,NY,29,"61,125","44,619","4,609"
2008,OH,9,"12,912","6,113","2,535"
2008,OK,8,"3,846","1,933","1,043"
2008,OR,8,"20,653","4,667","10,707"
2008,PA,17,"15,378","6,336","1,299"
2008,PR,2,"3,012",298,"2,202"
2008,RI,1,"1,196",734,54
2008,SC,5,"5,660","1,680","2,574"
2008,SD,1,579,269,41
2008,TN,10,"9,705","2,975","4,045"
2008,TX,18,"40,190","14,876","16,110"
2008,UT,3,"3,434","1,730",256
2008,VA,22,"8,469","3,914","1,574"
2008,VI,1,602,60,487
2008,VT,2,954,311,258
2008,WA,7,"21,954","6,319","6,498"
2008,WI,4,"5,449","2,406",515
2008,WV,4,"2,016",952,594
2008,WY,1,751,395,132
2007,AK,2,"1,642",898,255
2007,AL,8,"5,452","1,452","1,656"
2007,AR,9,"3,836","1,251","1,551"
2007,AS,0,,,
2007,AZ,3,"14,646","3,934","6,028"
2007,CA,42,"138,986","23,920","90,475"
2007,CO,3,"14,225","3,630","7,254"
2007,CT,12,"4,482","2,262",811
2007,DC,1,"5,320","3,248",340
2007,DE,1,"1,061",439,207
2007,FL,27,"48,069","8,988","27,540"
2007,GA,7,"19,639","4,267","11,298"
2007,GU,1,725,33,622
2007,HI,2,"6,070","1,039","3,358"
2007,IA,3,"2,734",852,293
2007,ID,2,"1,749",586,624
2007,IL,21,"15,487","5,913","3,316"
2007,IN,3,"7,358","2,871","1,262"
2007,KS,6,"2,111","1,172",282
2007,KY,3,"8,061","2,666","2,121"
2007,LA,9,"5,494","1,388","1,577"
2007,MA,21,"15,127","7,311","1,414"
2007,MD,16,"9,628","3,564","3,210"
2007,ME,3,"2,638",664,62
2007,MI,24,"28,295","7,325","16,743"
2007,MN,13,"7,323","2,899","1,445"
2007,MO,9,"6,247","2,969","1,110"
2007,MP,0,,,
2007,MS,3,"1,377",303,526
2007,MT,1,"1,150",502,295
2007,NC,13,"11,802","4,745","3,923"
2007,ND,1,636,405,59
2007,NE,7,"3,531","1,798",524
2007,NH,3,"2,248",725,975
2007,NJ,21,"17,314","10,095","2,478"
2007,NM,2,"3,015",958,"1,267"
2007,NV,3,"8,642","1,528","3,824"
2007,NY,32,"62,601","44,686","5,320"
2007,OH,9,"11,264","5,695","1,884"
2007,OK,8,"4,221","2,154","1,132"
2007,OR,8,"17,590","3,462","9,261"
2007,PA,17,"16,220","6,445","1,479"
2007,PR,2,"4,309",546,"2,941"
2007,RI,1,"1,372",688,49
2007,SC,5,"5,660","1,680","2,574"
2007,SD,1,579,269,41
2007,TN,10,"11,210","3,587","4,764"
2007,TX,18,"39,788","13,840","16,906"
2007,UT,3,"3,011","1,551",313
2007,VA,22,"9,746","4,323","2,179"
2007,VI,1,559,28,487
2007,VT,2,"1,035",340,315
2007,WA,8,"23,379","6,450","6,522"
2007,WI,4,"5,648","2,366",563
2007,WV,4,"2,409","1,677",262
2007,WY,1,537,272,140